<?xml version="1.0" encoding="UTF-8"?>
<addon id="plugin.video.mmhosterlinkplayer" version="1.1.3" name="MMhosterLinkPlayer" provider-name="MMDIGITALWORLD">
    <requires>
        <!-- <import addon="xbmc.python" version="3.0.0"/> -->
        <import addon="script.module.resolveurl"/>
        <import addon="script.module.resolveurl.xxx"/>
        <import addon="script.module.six" version="0.0.1"/>
    </requires>
    <extension point="xbmc.python.pluginsource" library="default.py">
        <provides>video</provides>
    </extension>
    <extension point="xbmc.addon.metadata">
        <summary>MMhosterLinkPlayer Addon</summary>
        <description></description>
        <platform>all</platform>
        <assets>
      <icon>icon.png</icon>
<fanart>fanart.jpg</fanart>
<screenshot>fanart.jpg</screenshot>
<screenshot>mmkodiaddons.jpg</screenshot>
</assets>
	</extension>
</addon>
