<?xml version="1.0" encoding="UTF-8"?>
<addon id="resource.uisounds.mm.sounds" version="1.0.0" name="MM Sounds" provider-name="MMDIGITALWORLD">
  <requires>
    <import addon="kodi.resource" version="1.0.0"/>
  </requires>
  <extension point="kodi.resource.uisounds"/>
  <extension point="kodi.addon.metadata">
    <summary lang="en">MM Sounds</summary>
    <description lang="en">MM Sounds</description>
    <platform>all</platform>
<assets>
      <icon>icon.gif</icon>
<fanart>fanart.jpg</fanart>
    </assets>
  </extension>
</addon>
