<?xml version="1.0" encoding="UTF-8"?>
<addon id="resource.uisounds.streetfighter.sounds" version="1.0.0" name="Street Fighter Sounds" provider-name="MMDIGITALWORLD">
  <requires>
    <import addon="kodi.resource" version="1.0.0"/>
  </requires>
  <extension point="kodi.resource.uisounds"/>
  <extension point="kodi.addon.metadata">
    <summary lang="en">Street Fighter Sounds</summary>
    <description lang="en">Street Fighter Sounds</description>
    <platform>all</platform>
  </extension>
</addon>
