<?xml version="1.0" encoding="UTF-8" standalone="yes"?>
<addon id="plugin.video.xxx" name="xXx" version="0.9.6" provider-name="Vashiel">
    <requires>
    </requires>
    <extension point="xbmc.python.pluginsource"
               library="default.py">
        <provides>video</provides>
    </extension>
    <extension point="xbmc.addon.metadata">
        <news>
v 0.9.6 2020-07-01
- Fix ashemaletube.com
- added sorting ashemaletube.com
        </news>
        <summary>[COLOR red]xXx[/COLOR] Porn videos</summary>
        <description>
Internet [COLOR red]xXx Porn Video[COLOR white] Streams.
    
[COLOR red][B]WARNING:[/B][COLOR red]Only for adults[/COLOR]	

[COLOR white]MMkodiADDONS:
https://ia601500.us.archive.org/11/items/mmkodiaddons/
[/COLOR]	

		</description>
		<disclaimer>
		</disclaimer>	
		<platform>all</platform>
		<license>http://www.gnu.org/licenses/</license>
		<forum></forum>
		<website></website>    
		<email></email>
		<mainsource>https://github.com/Vashiel/repository.adulthideout</mainsource>    
		<source></source> 		
    </extension>
</addon>
